{"accuracy/top1": 77.44755554199219, "step": 1}
{"accuracy/top1": 89.86013793945312, "step": 2}
{"accuracy/top1": 91.25874328613281, "step": 3}
{"accuracy/top1": 92.83216857910156, "step": 4}
{"accuracy/top1": 93.70629119873047, "step": 5}
{"accuracy/top1": 94.7552490234375, "step": 6}
{"accuracy/top1": 94.5804214477539, "step": 7}
{"accuracy/top1": 94.7552490234375, "step": 8}
{"accuracy/top1": 95.27972412109375, "step": 9}
{"accuracy/top1": 95.27972412109375, "step": 10}
{"accuracy/top1": 94.93006896972656, "step": 11}
{"accuracy/top1": 95.27972412109375, "step": 12}
{"accuracy/top1": 95.27972412109375, "step": 13}
{"accuracy/top1": 95.10489654541016, "step": 14}
{"accuracy/top1": 95.27972412109375, "step": 15}
{"accuracy/top1": 94.93006896972656, "step": 16}
{"accuracy/top1": 94.93006896972656, "step": 17}
{"accuracy/top1": 95.27972412109375, "step": 18}
{"accuracy/top1": 95.45454406738281, "step": 19}
{"accuracy/top1": 95.10489654541016, "step": 20}
{"accuracy/top1": 95.45454406738281, "step": 21}
{"accuracy/top1": 95.27972412109375, "step": 22}
{"accuracy/top1": 94.93006896972656, "step": 23}
{"accuracy/top1": 95.10489654541016, "step": 24}
{"accuracy/top1": 95.45454406738281, "step": 25}
{"accuracy/top1": 94.7552490234375, "step": 26}
{"accuracy/top1": 95.27972412109375, "step": 27}
{"accuracy/top1": 95.10489654541016, "step": 28}
{"accuracy/top1": 95.45454406738281, "step": 29}
{"accuracy/top1": 94.7552490234375, "step": 30}
{"accuracy/top1": 94.7552490234375, "step": 31}
{"accuracy/top1": 95.10489654541016, "step": 32}
{"accuracy/top1": 95.10489654541016, "step": 33}
{"accuracy/top1": 95.10489654541016, "step": 34}
{"accuracy/top1": 95.27972412109375, "step": 35}
{"accuracy/top1": 95.27972412109375, "step": 36}
{"accuracy/top1": 94.93006896972656, "step": 37}
{"accuracy/top1": 95.27972412109375, "step": 38}
{"accuracy/top1": 95.27972412109375, "step": 39}
{"accuracy/top1": 95.45454406738281, "step": 40}
